ds,yhat,yhat_lower,yhat_upper
2020-01-01,563.9113086969576,532.0394779885713,594.1882948309567
2020-01-02,566.3388295520691,535.1175635792865,595.6488705472707
2020-01-03,567.2322926759703,538.1686261017519,600.2812173079805
2020-01-04,565.9368709972009,536.6554509061991,596.4378551711372
2020-01-05,565.0493545748716,534.3767386668083,595.7617003491846
2020-01-06,563.88071643574,533.8162220158107,596.272536015093
2020-01-07,565.00107417815,533.506717187186,595.8180523630461
2020-01-08,563.2597935177918,532.8932606237098,593.8388761618127
2020-01-09,566.3956892256,533.8628704021979,597.6434533347655
2020-01-10,567.9755420576296,535.60769854774,598.4990049380657
2020-01-11,567.3293045585474,536.3484869103918,597.7188172099576
2020-01-12,567.03973883855,537.2099640129342,598.3551583811601
2020-01-13,566.4053319626945,535.0555084018132,595.8852937015853
2020-01-14,567.9855611760522,538.5479879208175,599.4798611464026
2020-01-15,566.6212470340294,537.699301594618,595.9477787081692
2020-01-16,570.0449433715746,542.0060661177855,597.4847809594519
2020-01-17,571.8195779655944,541.0856709249986,602.5232465970073
2020-01-18,571.2737139263476,541.6752413739126,600.4585069845563
2020-01-19,570.991174045872,540.4322506902486,599.6553155919846
2020-01-20,570.2738748593329,537.9600487135798,600.4937646743746
2020-01-21,571.6869457082258,540.3452961740876,602.2195166754202
2020-01-22,570.0788757876836,541.1304534122663,601.259057778556
2020-01-23,573.1916447211129,544.0524833325298,602.3572473642357
2020-01-24,574.5990586197943,543.9465039305394,605.0321612171692
2020-01-25,573.6416710159374,541.7258717388729,603.1290626694911
2020-01-26,572.9160412180956,540.7515915105606,601.419037405998
2020-01-27,571.7371878262321,540.7661955124047,601.9728466696487
2020-01-28,572.6833240096798,544.375036082337,603.5565767705971
2020-01-29,570.6156288428522,540.0807334956372,601.9853109202627
2020-01-30,573.2880212437298,542.0320138052598,604.0334673608081
2020-01-31,574.2851686614626,543.5081537232937,606.1113699354291
2020-02-01,572.9571195121493,542.5591560284741,603.1546586022521
2020-02-02,571.9083197751069,544.1688448723365,601.0895870566483
2020-02-03,570.4598782638625,542.6619428881606,602.094728344516
2020-02-04,571.1941721363341,537.0048513475613,600.0430311163104
2020-02-05,568.9745501238411,536.3927771704551,599.8403061288737
2020-02-06,571.5551012933471,541.5099877996462,603.2484744902218
2020-02-07,572.5187209933707,541.7543550196924,603.0637670155696
2020-02-08,571.2118602107232,540.1087462088599,604.1745596696551
2020-02-09,570.2337146833901,538.5948736736976,599.1169459379983
2020-02-10,568.8987121629932,536.3402600401898,600.4030958039037
2020-02-11,569.7813819439556,540.2598004662045,600.5853078013705
2020-02-12,567.7363554165621,538.5625298894569,599.876796130064
2020-02-13,570.5084557579437,538.0735108007484,600.5124348428739
2020-02-14,571.6710980301805,541.9790773297939,601.7916821686958
2020-02-15,570.5613751712021,541.9138092977523,599.5017620344328
2020-02-16,569.7695754502563,539.6825620222947,601.9986868626715
2020-02-17,568.6019793075125,538.1676030515904,600.2187641629532
2020-02-18,569.626009840633,538.3322355509022,601.2315720163319
2020-02-19,567.6904767642158,537.2255046737995,598.3119083168488
2020-02-20,570.5358642211884,539.2158327216196,599.7040213717082
2020-02-21,571.7328774157058,539.9307468901893,599.3962534202241
2020-02-22,570.6176188825665,540.1168299619745,601.516000337403
2020-02-23,569.7811370697037,542.037250183324,600.0838380639074
2020-02-24,568.532194123663,536.9827983428804,596.7596729069292
2020-02-25,569.442328012407,537.4029477143525,599.4514774159429
2020-02-26,567.3659515609799,537.7798153600561,598.2516507549672
2020-02-27,570.0504433408506,540.1915324661661,600.8309553502027
2020-02-28,571.0744515160823,538.0803351051073,601.6671301367545
2020-02-29,569.782789297303,538.3473426567951,600.3702546371377
2020-03-01,568.7756734574848,536.4453153166759,598.1409485812964
2020-03-02,567.3711627765088,536.4005155205288,598.8356162482681
2020-03-03,568.1498821072092,538.0712255996165,597.64509274992
2020-03-04,565.9747855598008,534.9554035424453,595.1997079386271
2020-03-05,568.6009246654748,538.8189677976086,598.0687170322306
2020-03-06,569.6134533083195,538.8609515159718,603.8682390875557
2020-03-07,568.3622578825111,537.1269485421305,597.9079222861778
2020-03-08,567.4509732723698,536.6820707530873,596.0338554451864
2020-03-09,566.1992491906935,537.6266323912229,597.8958707652864
2020-03-10,567.1873588307977,536.0801879071704,597.7893467619416
2020-03-11,565.2759078769692,533.7572188659491,597.1177138625999
2020-03-12,568.2156124276721,535.7777774715669,599.5722316167972
2020-03-13,569.5853783615003,536.54575971931,601.3805655866905
2020-03-14,568.7270693500733,538.6015289918286,600.7604182431959
2020-03-15,568.2347208881793,535.557284471801,598.239577476215
2020-03-16,567.4170597534023,536.5734425289759,598.9661180225655
2020-03-17,568.8424139684083,537.3684976025379,597.9861646507521
2020-03-18,567.3587628583296,537.9825459880042,596.5601998061812
2020-03-19,570.7038859753104,540.8294802858907,600.6652106473657
2020-03-20,572.44383258755,540.541621151379,605.2312178387122
2020-03-21,571.9080873687848,540.7458088011881,603.5936812234286
2020-03-22,571.679177693209,540.1559721753392,600.5880567255971
2020-03-23,571.0555699401746,538.3703979690216,602.3753355863302
2020-03-24,572.5969281884273,542.0967642274541,603.8620776145384
2020-03-25,571.1444738666188,541.0937773569335,600.3408212930406
2020-03-26,574.4313951412943,544.0486951897839,603.4447973117033
2020-03-27,576.0215188641032,546.9833423930171,608.636922861945
2020-03-28,575.2446139145444,543.5435066230541,606.9048292839745
2020-03-29,574.6860657018201,542.9828141896003,604.4391838270366
2020-03-30,573.6497660714729,544.1671416521491,604.2392992123006
2020-03-31,574.703290753803,542.8429825518042,606.1862130309835
2020-04-01,572.6981038834799,543.6921311231735,603.6992997907
2020-04-02,575.3797414716036,545.7104682727089,604.7727969420429
2020-04-03,576.3261920529445,546.6406358089301,608.8200225251937
2020-04-04,574.8828502307233,543.3364716598966,604.284525752369
2020-04-05,573.651792214088,544.2286594881026,604.9357809129617
2020-04-06,571.9542279847686,542.1626114713171,601.2073764748973
2020-04-07,572.3752140803974,540.2914021190477,601.5317632563759
2020-04-08,569.7833792792219,538.8316764143411,601.2146097569522
2020-04-09,571.9406284044479,539.894148927562,602.8207024412478
2020-04-10,572.440056013346,540.8772273703474,604.6595060042422
2020-04-11,570.6404590568236,538.1165045334952,599.5266866066281
2020-04-12,569.1552104051503,536.5566079080174,601.2470716645756
2020-04-13,567.3143597444625,535.5804736407539,597.0643531412508
2020-04-14,567.7090564194642,537.4152518391033,598.8337176523161
2020-04-15,565.2110555026758,535.505798011798,595.8051050941463
2020-04-16,567.5822794405635,538.8999494610143,598.4661115554736
2020-04-17,568.4126720913154,536.4957838819735,599.0916669132295
2020-04-18,567.0547370441917,534.7256111653116,596.4906146931855
2020-04-19,566.1125225764712,534.3682903476905,594.2190268041181
2020-04-20,564.903917832443,532.40378187179,595.914553205394
2020-04-21,566.0053505346532,535.8695952836732,595.7560289132073
2020-04-22,564.2716409937882,532.0058416406504,595.4283275861369
2020-04-23,567.445976106609,537.2381484923219,599.1942089801948
2020-04-24,569.0982300098937,535.8739607644391,597.9308494265305
2020-04-25,568.5600106057577,537.4527698417071,596.836241974145
2020-04-26,568.4141816312837,536.1365843468685,599.8968113963451
2020-04-27,567.9577103280316,537.5196277435202,598.8004506910927
2020-04-28,569.7469163513766,541.2473823730181,602.2961158713803
2020-04-29,568.6178618391846,538.8155653291099,601.063141004302
2020-04-30,572.2968318392558,540.5018796358141,604.1570960927345
2020-05-01,574.3391175939352,545.2053883821858,604.7997165904721
2020-05-02,574.0644697513662,544.5784325281242,603.4913435773882
2020-05-03,574.046959213314,544.6082468045663,604.8225138017174
2020-05-04,573.5780864112455,543.1709233842689,602.4988710647466
2020-05-05,575.2122070376777,546.068988826882,609.8859182809788
2020-05-06,573.7870088466061,541.731421670226,601.1257448558044
2020-05-07,577.0339858149094,545.7167649616779,608.9603103260035
2020-05-08,578.5171217434108,548.6527652824142,609.3455724273169
2020-05-09,577.5681524555034,548.5483655838112,609.6216520054727
2020-05-10,576.7761488514159,545.7696106108357,606.4253202213897
2020-05-11,575.4502685017086,544.1348326180237,604.9857614015636
2020-05-12,576.1647528617494,545.0373139674919,605.4087469164156
2020-05-13,573.7789156977597,545.5132824261354,605.3813896430521
2020-05-14,576.0470816222086,544.4447194622041,605.612718546648
2020-05-15,576.55670071278,545.9997370805861,608.0595280082637
2020-05-16,574.6630231847575,544.4967066231982,604.0634607781542
2020-05-17,572.978091702865,541.9990187375938,603.0863941474767
2020-05-18,570.8329144473406,540.3560434630464,601.8051174465252
2020-05-19,570.8219111335719,543.3842931109826,603.2092517083812
2020-05-20,567.8223919724251,536.9392351420149,597.5241665039044
2020-05-21,569.6040417569395,541.6527730030751,600.0191720477386
2020-05-22,569.7666490473752,537.7254984201112,599.5136911818844
2020-05-23,567.6744635891587,536.897605515351,598.4095969727164
2020-05-24,565.9449692937341,535.7843319070917,598.3633771360265
2020-05-25,563.9109198773839,533.1404759485374,592.3426039548975
2020-05-26,564.1647435576306,533.8396885462181,592.9566063959796
2020-05-27,561.5780754527779,531.2674949152349,591.5097378424872
2020-05-28,563.9113881988902,532.8126763136763,597.7085871916861
2020-05-29,564.7519544587718,534.845085089899,596.9221437136516
2020-05-30,563.4485288802252,533.2974087886821,594.8589291078451
2020-05-31,562.6005064820583,531.4952180100887,594.9138050356313
2020-06-01,561.5204158086323,530.6717418980334,591.5857964980597
2020-06-02,562.7788302567702,531.2462319162971,593.485866089448
2020-06-03,561.2244449960575,530.49221552627,593.0926166168997
2020-06-04,564.5942756848932,536.3064647207663,597.4275438340014
2020-06-05,566.4521978223629,537.2018770978614,597.4225781844632
2020-06-06,566.1241993383663,537.8031315513791,597.0560735594926
2020-06-07,566.1880887273414,536.1015421290617,595.9043333497664
2020-06-08,565.9365030671984,536.1021930514772,598.8281294630241
2020-06-09,567.9222863724542,538.3665825588321,596.0486172697192
2020-06-10,566.9789741314873,536.4831289488845,597.6388000267275
2020-06-11,570.8313303417465,543.0931212333662,599.0857581242461
2020-06-12,573.034147926956,541.5081573613222,604.1735066667709
2020-06-13,572.9076793109275,538.9863177035579,605.6560582970566
2020-06-14,573.0274358883003,541.3262260593627,603.7708370851379
2020-06-15,572.6871995038226,543.6223906282306,601.3687826679356
2020-06-16,574.4443175016321,543.8119185477327,605.3425341402935
2020-06-17,573.140020591626,542.7694795958316,603.6428203334792
2020-06-18,576.5097154100346,545.2640443575978,609.0025365435438
2020-06-19,578.1217600697556,547.12918490218,609.0351112647269
2020-06-20,577.3116494850061,549.4837097652596,608.5619676586502
2020-06-21,576.6722586023943,547.1318372401072,608.8815314035376
2020-06-22,575.5161000114911,544.4009704104974,605.4949760643829
2020-06-23,576.420129584077,543.9465854687822,607.1534653984
2020-06-24,574.2455627841996,543.5333167111199,603.6358991638936
2020-06-25,576.7476668790849,547.1984285716746,607.188033086168
2020-06-26,577.5137605716496,549.4915361437622,607.4425203476524
2020-06-27,575.8978096019995,543.910280640525,607.1257645794609
2020-06-28,574.5093793605404,544.1838837236323,605.6436419732595
2020-06-29,572.6758098419186,541.6711674360251,602.6292179655832
2020-06-30,572.9867060318539,543.5162793932615,601.9696750278443
2020-07-01,570.3135032435559,539.6307266276781,599.2923668660902
2020-07-02,572.4190777572655,543.7316185560962,602.7639852806623
2020-07-03,572.8956374098256,544.7846200297288,601.9582157883194
2020-07-04,571.0992817609718,542.1812216305281,602.2817593235529
2020-07-05,569.6389919214347,540.3902400836907,601.2146370068348
2020-07-06,567.8389124444244,539.3958153769435,599.7184414689035
2020-07-07,568.2830135968968,538.2845165760449,599.2962718907738
2020-07-08,565.8348870748107,532.5190673947235,596.6594160927973
2020-07-09,568.2476376045917,539.6803873586455,600.3272069474383
2020-07-10,569.1020959608268,539.2648979892916,600.3409761978537
2020-07-11,567.741732989729,538.4228916606762,600.0505940592324
2020-07-12,566.7620240707107,537.7124831700163,593.9265100289806
2020-07-13,565.4731154676421,536.028797948235,595.0850064232993
2020-07-14,566.4448699579641,535.4076397375027,595.3269834416134
2020-07-15,564.5270342115975,535.2718180462949,596.74574323543
2020-07-16,567.459480401895,535.5412911533062,595.9385813068338
2020-07-17,568.8136515585367,537.6204944581078,599.6651644373276
2020-07-18,567.9190171758952,537.678681090361,601.1057176453303
2020-07-19,567.3614122889064,537.2791524577107,599.7774930717534
2020-07-20,566.4429760806746,534.7651525710648,597.6574246815093
2020-07-21,567.7273291476947,538.3992715974388,601.5544464784094
2020-07-22,566.059817109399,536.0751598791587,596.5210976969797
2020-07-23,569.1777729810698,536.3997935392791,600.5082710546184
2020-07-24,570.649016370318,541.2566342696235,599.7387216275271
2020-07-25,569.8069643204911,538.176915441453,600.4933273637897
2020-07-26,569.2401012381105,538.312450760964,600.8460197263142
2020-07-27,568.2546601152561,537.8757986883314,597.6493029280441
2020-07-28,569.4195958496155,539.6717310433754,600.1911894254794
2020-07-29,567.5865990278157,537.2069856680529,596.4922694768372
2020-07-30,570.5001107792883,538.8286966902083,600.0986508850472
2020-07-31,571.7355652234726,540.8550908309063,602.7414761177788
2020-08-01,570.6342428001421,538.9431829885357,599.4830805461052
2020-08-02,569.792490123649,538.2276983912391,598.3253974570587
2020-08-03,568.524166261311,537.4315738063426,597.9805664547893
2020-08-04,569.4054031815676,538.1460172484714,599.4022302915132
2020-08-05,567.2944347312517,538.4840625957148,598.1534142557385
2020-08-06,569.9414596240298,540.563410519251,601.6494623953815
2020-08-07,570.9267685881613,540.1222581676902,598.4026776748451
2020-08-08,569.5955212507018,537.9754561184252,598.6363203345752
2020-08-09,568.5469293043664,538.5893242483136,598.8541019505521
2020-08-10,567.0967053816728,537.8312211312209,599.4759052724914
2020-08-11,567.8218635720875,537.6927196385283,599.095305407285
2020-08-12,565.5806228845852,533.961845165957,596.9814696012593
2020-08-13,568.1223749624795,537.1175185337942,596.7303419636507
2020-08-14,569.0326208982427,538.9972137609942,599.71898349146
2020-08-15,567.647857673643,536.6501918341243,598.5501557063724
2020-08-16,566.5649626357061,533.2422393235248,597.8995388879122
2020-08-17,565.0971303549079,532.5660473312536,595.3376159697627
2020-08-18,565.8188401064155,535.1216290393181,596.296819346188
2020-08-19,563.5859187505803,536.3255364992621,593.2053725162906
2020-08-20,566.1456540098334,535.7362409119785,597.6863606776925
2020-08-21,567.0751774500451,534.7089778864496,596.1379133854381
2020-08-22,565.7164919332678,536.212645757074,596.8356587375786
2020-08-23,564.6658896886772,530.9878651725423,595.1690594326236
2020-08-24,563.2366107985656,531.3576995499378,594.3831073479266
2020-08-25,564.0038195132249,531.1361696376316,593.7942506428005
2020-08-26,561.8246425730649,529.5515755815379,592.701765877415
2020-08-27,564.4482253619142,532.5104288012477,595.894692375506
2020-08-28,565.4540272525312,534.0204085164295,597.7191389159798
2020-08-29,564.1867341195417,535.9839704141001,596.3325898505908
2020-08-30,563.2455384200666,532.1299443037996,595.6124883808607
2020-08-31,561.9466417935116,528.2635709042136,593.1878862456794
2020-09-01,562.8680634731315,530.5577295213228,593.2584762214962
2020-09-02,560.8695050915363,532.7933460223334,592.1833285366674
2020-09-03,563.7022344134955,536.0934688871001,594.8370812317169
2020-09-04,564.9472161421066,534.799411097007,594.806126418783
2020-09-05,563.9498744008929,534.5591266385152,592.8009862099165
2020-09-06,563.3092435311316,532.3688524059502,592.9606574415571
2020-09-07,562.3403677889016,532.9335749349543,592.3540641497375
2020-09-08,563.6190380601354,531.6430023081979,594.3180248683503
2020-09-09,562.0016200201906,530.6781437684083,592.3615452044388
2020-09-10,565.2349389890679,535.4183906903927,594.5022678130581
2020-09-11,566.8963947998388,537.1538265813339,600.4286287363716
2020-09-12,566.322973019833,536.6078786994199,596.2141833152565
2020-09-13,566.106344895062,535.57989178667,598.6083047447473
2020-09-14,565.5534772499044,534.9909069583472,594.9502943824706
2020-09-15,567.2315551768701,537.7168986103217,599.1518438392326
2020-09-16,565.9880233710927,534.2360998808716,597.3294205958293
2020-09-17,569.5607054587394,539.7412969521465,600.4297481078946
2020-09-18,571.5162242003263,539.8855462812163,602.6317933723188
2020-09-19,571.1850999580437,541.0916730769754,600.1954855455037
2020-09-20,571.1512751031773,542.3190870650338,606.0485180168196
2020-09-21,570.7149144908791,541.7324616831578,602.8349218976416
2020-09-22,572.4375584799304,541.0764097446975,604.9046480893165
2020-09-23,571.1623704493466,540.9089750836403,602.8074265998521
2020-09-24,574.6244311382367,546.0517249018703,604.7214784079649
2020-09-25,576.3892964655435,544.3105108752009,606.9547276992396
2020-09-26,575.7881910004063,543.3865157375675,607.119718230337
2020-09-27,575.4075807266428,546.321576786288,605.6402308388805
2020-09-28,574.5519725264481,540.7560654209168,603.9363938333101
2020-09-29,575.7890155948469,545.1623958147975,609.1681850843179
2020-09-30,573.9696469699012,544.2351326489469,606.9781126716595
2020-10-01,576.8382352544168,545.3573405160971,607.8433752169194
2020-10-02,577.9709424229901,547.623403377938,608.9752717720579
2020-10-03,576.710680535384,545.5162063441205,609.5338216816136
2020-10-04,575.6564129442119,546.5190073460017,607.3930139405638
2020-10-05,574.1256545014188,543.3155458416188,604.2530032777639
2020-10-06,574.6992539936568,545.9388128338306,603.5411341568001
2020-10-07,572.2412097215725,542.1844862520543,603.7747814947567
2020-10-08,574.5084814908715,543.0717013916853,603.274548037158
2020-10-09,575.0891724862378,545.185234816382,605.8948249536971
2020-10-10,573.3367461888229,541.896500735207,606.5031784194064
2020-10-11,571.8594787912282,541.6391575082629,603.1192002682812
2020-10-12,569.9825680009543,540.0658028852228,600.1164698907867
2020-10-13,570.2927098521602,539.5162209746849,601.1736443426913
2020-10-14,567.6577565621008,536.3038641659923,598.9018165642187
2020-10-15,569.836423700928,540.7792708806852,600.6092853088132
2020-10-16,570.4162794796016,540.2034686823031,600.1029068969323
2020-10-17,568.7484042102673,537.0776935682421,598.7274961346435
2020-10-18,567.4364787313945,535.7244073414057,596.9258323932073
2020-10-19,565.799163183449,533.7354687793426,594.3654222580528
2020-10-20,566.4148536944303,534.0495361653452,597.0842983890267
2020-10-21,564.1415695131094,532.0900656016343,594.697721642683
2020-10-22,566.7269326965746,534.5789060900173,596.7628501444374
2020-10-23,567.7464656914764,535.4302377185536,598.8089405124133
2020-10-24,566.5385863010482,535.113096170229,596.1749030651669
2020-10-25,565.6940494127308,536.3232586903608,593.8130065891028
2020-10-26,564.5186868670502,533.0361295464721,595.5270034998503
2020-10-27,565.5785227228413,534.9987125827715,595.2837012535548
2020-10-28,563.7200061515484,533.5037380133124,592.3810574413646
2020-10-29,566.6803140626415,535.5738899551365,599.4217726114633
2020-10-30,568.0259393901458,536.762277529845,599.2995470835834
2020-10-31,567.0879359972813,537.0717119007851,597.8141130912172
2020-11-01,566.4515621690439,537.8025732477315,596.2629334364382
2020-11-02,565.4191680228064,534.1811501285869,596.3983033706266
2020-11-03,566.5553995816026,538.6398096289919,599.1436736998045
2020-11-04,564.7074589153696,533.1453861262361,595.7965481958176
2020-11-05,567.6153714007652,537.2745244614732,597.1581987869354
2020-11-06,568.8504834423765,538.2997969553593,600.4351997649878
2020-11-07,567.7505309612305,536.0434219583101,598.974832877199
2020-11-08,566.9090913934342,534.3310760892901,598.2560081884109
2020-11-09,565.6382040246058,536.0490402087468,597.0720848397684
2020-11-10,566.5132720458334,537.1091696814433,596.8263747991521
2020-11-11,564.3929877632114,533.3604008774437,596.8275465929406
2020-11-12,567.0292416963852,537.5945359344928,598.0840125582935
2020-11-13,568.0052426837218,537.2915948825612,596.9726700661232
2020-11-14,566.6702333831439,535.4611186305016,597.1484482752926
2020-11-15,565.6285584356871,534.8627382794757,597.0268138905533
2020-11-16,564.2019473509993,533.9883689043601,593.516389199843
2020-11-17,564.9741025398058,534.7089914700167,595.634614868896
2020-11-18,562.8103500210908,530.9177666653401,593.8440635076512
2020-11-19,565.4673218930761,535.4810576663943,595.085923606029
2020-11-20,566.5309046933997,535.0487673759011,597.6765438381302
2020-11-21,565.3508434869699,536.6144150512123,593.8845084221892
2020-11-22,564.5297626724978,533.6413405563062,596.9000198494488
2020-11-23,563.3854674467456,535.4493972579079,592.3749667844079
2020-11-24,564.4956163222635,536.0129092214787,595.4870259574385
2020-11-25,562.7175202782398,532.1601863821085,591.256573961327
2020-11-26,565.7980338120179,536.1195978691719,593.8870885007591
2020-11-27,567.3117664227418,536.0592554197311,598.3365477336238
2020-11-28,566.5959971515617,536.9871064564406,596.0878788561761
2020-11-29,566.2400445355703,536.068488435748,594.6873356418731
2020-11-30,565.5479461035454,533.6494501279188,594.6430867896582
2020-12-01,567.0835270990741,535.351447143084,599.1189084466888
2020-12-02,565.6906027057448,534.2923051488837,596.2768747377571
2020-12-03,569.1032674670031,538.7980115551028,599.8809860013229
2020-12-04,570.884596509371,540.5160306669552,601.0167636826048
2020-12-05,570.3615921244833,540.0198128894903,599.7445027721091
2020-12-06,570.115193568903,541.0246904676839,600.3586778903914
2020-12-07,569.4431189275831,537.6809552678175,599.1894756361353
2020-12-08,570.9051485929444,538.3917047878499,600.5185905237893
2020-12-09,569.3434804928571,539.720217512608,597.5382992734856
2020-12-10,572.4931059376271,544.073590643021,603.1551519053342
2020-12-11,573.9204201561631,542.2450634806311,605.068152114086
2020-12-12,572.9584380459481,540.8539882740145,603.8055063455763
2020-12-13,572.19635811439,539.9185372231497,602.5451671448376
2020-12-14,570.9423223601681,540.0295197520293,603.0239614127934
2020-12-15,571.768448598397,539.0176672259485,601.1568520923098
2020-12-16,569.5308796231141,539.4722738469322,599.9138890241226
2020-12-17,571.979806330117,543.3771700869418,602.0037431639078
2020-12-18,572.6976884744925,541.2236269726083,601.9121027563388
2020-12-19,571.0340542728711,539.0931035576389,602.3497786003993
2020-12-20,569.5946332918226,538.6805867452277,599.9589343852476
2020-12-21,567.7036822887546,537.424457873025,597.9997401541508
2020-12-22,567.9485925414017,537.8753334723352,599.6520172711927
2020-12-23,565.199534864243,534.3970055954733,598.8914431980605
2020-12-24,567.2191106747803,536.0262358477154,598.7043897444715
2020-12-25,567.6002431392354,538.4932045282237,599.1805130081228
2020-12-26,565.7006987814927,532.4842225974365,597.6735335206782
2020-12-27,564.1320017276643,530.5168170898597,594.5161970018755
2020-12-28,562.2216063199259,531.3998078037475,591.506335286499
2020-12-29,562.5574208654372,532.1350069505826,593.1401874735354
2020-12-30,560.0074409916992,530.9183944929073,591.6573403067139
2020-12-31,562.3294612220674,533.0356395103651,591.1233088257444
2021-01-01,563.1090970244065,531.7492416826651,595.4995117953939
2021-01-02,561.6945042377686,530.9823532552716,591.7225658905355
2021-01-03,560.6855510636018,528.1465068512524,590.4543400242741
2021-01-04,559.3963037665635,530.4311567968572,590.8270292952038
2021-01-05,560.3999073012127,528.8921446932384,590.8835844054519
2021-01-06,558.5486106493582,526.4321790571848,589.6033409558069
2021-01-07,561.5838942064743,531.6758902405671,592.7859946620317
2021-01-08,563.0749198358318,534.6482600969057,592.526786181243
2021-01-09,562.3536782901234,531.8523588619007,592.2266530065089
2021-01-10,562.0045786670458,529.8790483339353,593.5854525686834
2021-01-11,561.3273268075186,532.1997020812976,593.4267950072705
2021-01-12,562.8821657990576,532.652414944233,595.2704615447802
2021-01-13,561.5102172344306,529.2615769976127,594.0026420055291
2021-01-14,564.943872368252,534.6308499872807,596.7648801639843
2021-01-15,566.7454468574988,536.6470087037536,596.0552661292563
2021-01-16,566.2424685829799,538.4258206080293,596.2208433314638
2021-01-17,566.0173398886546,534.3898854019269,596.1606321630077
2021-01-18,565.3702197780234,536.6698402706255,598.042865320129
2021-01-19,566.8641998519588,536.7601429370965,596.578981080475
2021-01-20,565.3455152232438,534.2391619467634,594.2779191960557
2021-01-21,568.5537440139516,539.8025253052389,598.2072703347613
2021-01-22,570.0602153240438,538.400927120031,599.3470145043094
2021-01-23,569.2030029196,539.3014740528337,599.5910190316271
2021-01-24,568.5762550427196,539.7752170473509,598.9215321525256
2021-01-25,567.4927159895085,536.8630104241871,598.9592920636109
2021-01-26,568.5285240864382,539.534866657333,600.001628839296
2021-01-27,566.5430385630324,535.1884575832332,595.9334205144686
2021-01-28,569.2886602714467,538.0361898334978,600.6817722881971
2021-01-29,570.3488772325366,540.4533367487562,602.0965220773099
2021-01-30,569.077431847763,538.2116498196752,599.633712289962
2021-01-31,568.0738244009085,536.8224960171857,597.685786522115
2021-02-01,566.6591077480332,534.8146190309093,596.6467782648065
2021-02-02,567.4159740621053,537.379068855802,596.3830934644578
2021-02-03,565.2084369479851,533.1061528653682,594.9794049453169
2021-02-04,567.7915684438505,536.5185986154405,597.469106571615
2021-02-05,568.7495236611422,538.6500021002283,599.7856271455794
2021-02-06,567.4302406779182,539.3912514720226,597.3838926031574
2021-02-07,566.4345736610013,536.9707789737516,597.0645855341963
2021-02-08,565.0787194329149,534.7230364626429,596.3870034875026
2021-02-09,565.9390235594711,536.5056563498028,596.0306566279863
2021-02-10,563.8719167499906,533.0260274035389,593.0491664103739
2021-02-11,566.6239417327304,534.9807959171983,597.1188813089318
2021-02-12,567.7700938742963,536.9474541290399,599.780964867831
2021-02-13,566.6488529179455,535.5475495638811,597.1163047717882
2021-02-14,565.8516531337393,536.6592400839542,598.015476510566
2021-02-15,564.6856413002913,533.8843971759536,595.7479572802966
2021-02-16,565.7187980141485,534.6961831332464,596.4940204506598
2021-02-17,563.8001630807377,534.1708951205743,594.9246898492925
2021-02-18,566.6701159601024,537.060802856725,597.8101498547625
2021-02-19,567.898926478686,536.2361545165361,599.9480576521833
2021-02-20,566.8219465030231,538.1892211692002,597.4695431257255
2021-02-21,566.0291847754369,536.6605354320324,598.3672024418516
2021-02-22,564.8281109810551,533.6608384754237,594.3459642347947
2021-02-23,565.7887630409127,536.669185365496,595.3076430097418
2021-02-24,563.7638987812586,535.0628396376036,596.0325800638566
2021-02-25,566.4991452375486,537.4480858404334,595.6206511769763
2021-02-26,567.5713649123873,538.1681371374096,598.0604253998832
2021-02-27,566.3263373867022,535.1650505225984,596.7757247413225
2021-02-28,565.3598963491077,534.9901590875573,596.9112821132361
2021-03-01,563.9885956963111,534.7102049591399,594.7539338214639
2021-03-02,564.7917694431343,535.2368572058323,596.6194329712491
2021-03-03,562.631346497962,532.5536609129966,594.2466397071412
2021-03-04,565.261662533797,533.3644904599913,597.6410048175958
2021-03-05,566.267499237228,537.1792523289197,597.9088695339585
2021-03-06,564.9987381636023,536.3913309275306,596.3422345521557
2021-03-07,564.0593888845737,533.1257302231586,591.9196025756019
2021-03-08,562.7698554008182,531.2552573108496,592.7013192733698
2021-03-09,563.7115325806825,534.597909435107,593.2418277825027
2021-03-10,561.7464908528862,530.0672046772828,591.4617236696797
2021-03-11,564.6272182664588,533.1511089232541,596.254660923055
2021-03-12,565.9346533690724,534.4982913955151,596.8381297142114
2021-03-13,565.0128973670459,534.9046551587709,594.9858577043111
2021-03-14,564.4583644995668,532.7855870008286,595.0036989648271
2021-03-15,563.5822318609077,533.4745865423591,596.0339754778837
2021-03-16,564.9552757720355,534.4702198678074,595.6207725975839
2021-03-17,563.4278464710736,532.6175316808426,595.2783128932364
2021-03-18,566.7399421556333,535.2941477138102,595.9652086243553
2021-03-19,568.4596063535392,540.3465959205776,599.3662675272457
2021-03-20,567.9180264869842,536.7296770660766,601.1082897683236
2021-03-21,567.6990811470547,536.2371011247359,599.9236732343886
2021-03-22,567.1021854139827,535.8665115624938,598.3628887655788
2021-03-23,568.6875092933458,539.8695301008075,598.3813767367224
2021-03-24,567.2963092324101,537.137187902506,597.8865114610181
2021-03-25,570.661322524656,538.5701595603725,599.8803903687648
2021-03-26,572.3454382747336,541.9623926381211,600.6685039919112
2021-03-27,571.677013727015,539.9545352720714,603.0437919164891
2021-03-28,571.239575902982,538.726301492688,601.107900855167
2021-03-29,570.3347521466682,539.9926774581897,599.129979593058
2021-03-30,571.5275007647391,541.6232708608841,600.9045485455121
2021-03-31,569.6663800040428,539.436501104614,596.3907673415929
2021-04-01,572.4938055869268,543.5834187082104,602.6853140936398
2021-04-02,573.5845130705857,543.1699149185849,603.1795292190557
2021-04-03,572.2805985493513,542.0763352815917,600.9182869692477
2021-04-04,571.1808844047231,539.944796450321,602.5784023219896
2021-04-05,569.6034622296767,539.2073485406435,600.6622388182434
2021-04-06,570.1304943556173,540.0422632299412,597.8301732593119
2021-04-07,567.6280237309393,535.6367583728731,598.2660494623474
2021-04-08,569.8557549300197,539.5341554476499,599.5713411957247
2021-04-09,570.4050357849641,542.5228788147133,602.9697045742255
2021-04-10,568.6334266858798,538.3367432182687,598.6453847198935
2021-04-11,567.1536176990012,534.9565557721278,597.2407819343994
2021-04-12,565.2955586057184,535.6065116599912,596.8586958437571
2021-04-13,565.6508954256337,535.4552004033061,596.2162854957504
2021-04-14,563.092474111653,531.0168944699848,593.4213449439574
2021-04-15,565.3838836166153,536.3797687062299,594.658532196289
2021-04-16,566.1172754445556,533.8648463551035,594.5484034880534
2021-04-17,564.647852320002,534.1420155707754,596.6713090940763
2021-04-18,563.5827895025122,533.0324575858651,592.1255673769118
2021-04-19,562.2434549008775,530.3475284772607,593.0882779880455
2021-04-20,563.210020225487,531.5971379103111,593.7102416677794
2021-04-21,561.3412201805157,531.8125053314943,591.9183445181926
2021-04-22,564.3842259311956,534.463954337504,594.4871154519561
2021-04-23,565.912861863437,535.7072681469173,597.2767358603437
2021-04-24,565.2625482470195,536.129350308426,595.5996403807201
2021-04-25,565.0197216669477,532.6539163788058,596.1475578922292
2021-04-26,564.4845863177661,533.5289296106084,593.4762277341612
2021-04-27,566.2162744072122,536.6609637705684,597.165600966176
2021-04-28,565.0531580141073,534.8124721896677,598.9281173649694
2021-04-29,568.7232637819901,537.7882162093706,597.6445348044152
2021-04-30,570.7830048014728,539.1495155190414,600.0131941372183
2021-05-01,570.5525982287675,539.3360519517715,602.853565179974
2021-05-02,570.6059074097781,540.039429538093,601.8476944487567
2021-05-03,570.233549911026,539.7246833141056,598.6978674955604
2021-05-04,571.9883396262833,541.0608368750808,603.1058230639154
2021-05-05,570.7057972409045,538.6838509452944,597.4609273241217
2021-05-06,574.11467454804,543.0693809757281,604.6385985037249
2021-05-07,575.7757034518069,546.6445916470011,604.244359924422
2021-05-08,575.0169371585393,543.8324364764754,604.9220350736789
2021-05-09,574.4234237887885,544.3544416233067,603.764981272885
2021-05-10,573.3000577526398,540.3375811537103,603.5536394687732
2021-05-11,574.2166833780843,544.3366903713656,606.3789459395408
2021-05-12,572.0281936083248,542.3254714187896,605.4145077561019
2021-05-13,574.4845797843932,546.055793092773,606.1896754975717
2021-05-14,575.1691555766924,544.0536373244868,606.8865267094341
2021-05-15,573.4333361737689,540.9042041450834,603.4242910991927
2021-05-16,571.8857275801512,542.4941292882445,603.3179238549561
2021-05-17,569.8543866035914,537.7405775066192,600.4305426550158
2021-05-18,569.9313414656365,538.2349840258278,600.7226714091457
2021-05-19,566.9921310863318,537.3105303482394,597.9857985662968
2021-05-20,568.8053336733471,538.0115298014537,597.4613007769922
2021-05-21,568.9703212792895,539.5285723192598,599.7165950293568
2021-05-22,566.8516327270211,533.63199187457,597.4306828437441
2021-05-23,565.0677349107618,534.7165235121024,595.1588568618774
2021-05-24,562.9530322945075,532.4004433484606,595.152163902237
2021-05-25,563.1022301402153,531.2696940109289,593.9123398497512
2021-05-26,560.389808810894,527.6614657015868,591.0668958420952
2021-05-27,562.5795821675672,533.681405897482,592.165942922008
2021-05-28,563.2625756763734,530.622913055433,592.7764427143308
2021-05-29,561.7916140358861,531.7400043691324,592.8281563259648
2021-05-30,560.7703778046448,530.8451988943533,590.0990952395323
2021-05-31,559.5157900519058,529.8334010251181,588.126725797553
2021-06-01,560.6028192240432,530.5846595008671,590.1092618696831
2021-06-02,558.8844484678814,526.1423276065492,588.366218576747
2021-06-03,562.1017703885876,532.8454662604956,593.3012578773064
2021-06-04,563.8224287383084,533.8025000643875,594.060239083436
2021-06-05,563.3757821047408,534.6410995348932,593.3692871713769
2021-06-06,563.3425341166414,535.0879099307665,593.7908809595511
2021-06-07,563.0176764086697,535.187283897477,592.8583297495136
2021-06-08,564.9558163343667,534.9849058914626,596.528194539236
2021-06-09,563.9916264195532,535.0317266101424,594.6680394933202
2021-06-10,567.8503625869376,537.0042605027675,597.1087579692758
2021-06-11,570.0866623135045,540.3278065266845,599.5676679202918
2021-06-12,570.0199893301442,536.9819186230376,599.3871664042958
2021-06-13,570.2244630056608,536.1839824434925,599.0588653911659
2021-06-14,569.9919145173067,538.7796424793656,600.8579940271653
2021-06-15,571.8772399801237,541.2274347679428,602.645903601739
2021-06-16,570.7187880566897,538.5440741067234,599.8878041463169
2021-06-17,574.2487319130325,545.1597669951524,605.0103694560196
2021-06-18,576.031641718521,546.807099749388,606.8196687389278
2021-06-19,575.3992992394667,546.0411336534564,607.8301659809624
2021-06-20,574.9411622315937,545.7641091091577,604.4199437725998
2021-06-21,573.9660098462413,541.624043936165,604.339544216591
2021-06-22,575.0471722592384,544.5402664792969,606.4238870334517
2021-06-23,573.0424339902722,541.6604951845861,604.562440635218
2021-06-24,575.7039060847696,543.2205161326901,605.8171051957677
2021-06-25,576.6160967190808,544.9168180841266,605.7243292868848
2021-06-26,575.1305670983351,543.7490989085112,606.7362275395211
2021-06-27,573.8549323344894,544.5992215533761,605.1912929569736
2021-06-28,572.1150716339125,542.8290701193628,603.6140555958322
2021-06-29,572.49964026279,541.1780250925397,604.0112024099233
2021-06-30,569.8796425697843,539.1007954504446,600.9586439101439
2021-07-01,572.0180365680793,541.9652780356979,601.7436725079316
2021-07-02,572.5076052462342,544.1585163544422,603.9560302056746
2021-07-03,570.7054851096015,541.7335119211923,600.5697620271154
2021-07-04,569.2221132320934,539.6217521484785,600.7564807774663
2021-07-05,567.3834566954284,537.7946938710003,598.5824192966576
2021-07-06,567.7756144395836,538.3642530988199,597.7573944949959
2021-07-07,565.2645464758683,534.8322025535365,594.9960243163845
2021-07-08,567.6058949130634,536.510518138826,598.6170701345287
2021-07-09,568.3831243966656,535.5876271859798,598.6294104704939
2021-07-10,566.9423636220798,537.1205310801122,599.4248622986893
2021-07-11,565.8816993661993,533.6285799541705,597.1874838889067
2021-07-12,564.5137763865722,533.0729571930873,598.7314893785875
2021-07-13,565.4107823057847,534.6286242801374,595.6640260173484
2021-07-14,563.4245614693418,533.9034042297839,592.224418890375
2021-07-15,566.2968115222385,536.6239548140144,596.6925050931723
2021-07-16,567.5975801599337,536.8137774363315,594.7809893635934
2021-07-17,566.660430575258,537.9299315646803,598.0786812951388
2021-07-18,566.0720380040369,534.8739045910463,597.2092674254235
2021-07-19,565.135025461774,534.814083289345,598.5986407538227
2021-07-20,566.4131506946487,534.5507743459908,596.1537516132064
2021-07-21,564.7515653173707,531.9277469779905,596.5074772515534
2021-07-22,567.8871015432953,537.2343205442987,599.8385188860168
2021-07-23,569.3868034791855,537.1923445492151,598.3230196409754
2021-07-24,568.5830765194459,539.1396451327507,597.8290622715715
2021-07-25,568.0632008331681,536.4291000912275,597.3884854696399
2021-07-26,567.1320596029149,537.3081333100466,596.8990348335515
2021-07-27,568.3571612101377,540.6697214411612,598.9798434587902
2021-07-28,566.5887021195862,535.7698057403035,596.2534252774061
2021-07-29,569.5696295025843,538.1120044214389,599.0582905016099
2021-07-30,570.8739286485859,541.6442763240938,601.7879347367287
2021-07-31,569.841517119591,540.0269724646284,602.5325701137264
2021-08-01,569.0675001311398,536.7053234426173,599.0382688436915
2021-08-02,567.8646461129263,539.9313352585102,597.5281570116348
2021-08-03,568.808169484108,537.3145394106643,599.3453605120899
2021-08-04,566.7555745456513,535.6342614594771,598.3395247671215
2021-08-05,569.4565257777938,538.10397360019,597.9662288545875
2021-08-06,570.4909747604934,538.4606037130349,601.0169995263155
2021-08-07,569.2039296191236,537.722596037802,600.372302270579
2021-08-08,568.1946241068582,537.9418869410324,599.0281549469488
2021-08-09,566.7789465291644,535.7918548795483,596.1211843233573
2021-08-10,567.5342154130011,536.9634400441706,596.6228101582057
2021-08-11,565.3190543395148,534.0957402380154,595.4719088897294
2021-08-12,567.8833284730354,537.8387779160992,600.0050625033224
2021-08-13,568.8063690943987,536.0177957737499,598.6196098222032
2021-08-14,567.4318671316603,538.5378409717457,598.0092313172083
2021-08-15,566.3571864018053,535.1201287061566,596.8860259204049
2021-08-16,564.8959538051486,533.8018379041258,595.160670610806
2021-08-17,565.622999933121,535.4808762647439,596.0357056088918
2021-08-18,563.3944023888538,532.8075347462851,594.8298000529845
2021-08-19,565.9575842310271,537.225002537932,597.188169239049
2021-08-20,566.8896880954393,534.5565412672928,598.3045714753706
2021-08-21,565.5326011091851,535.1510121877868,597.5307401022823
2021-08-22,564.4823768552234,532.8063654128371,594.0547376952145
2021-08-23,563.0519040558131,533.0008953409073,593.15374839011
2021-08-24,563.8158990239867,532.9838364718436,596.2502585183446
2021-08-25,561.6309654746622,530.9216213135618,595.6706414235314
2021-08-26,564.2456767294328,537.293281101648,593.3091494973742
2021-08-27,565.238900710416,533.01769626761,596.4316576257526
2021-08-28,563.9547445893825,530.6357421236107,594.676959032642
2021-08-29,562.9918682783463,529.3125159129356,592.8342509637579
2021-08-30,561.6660204345076,531.3206587429219,590.8327916859283
2021-08-31,562.5548789734019,532.3620710326879,592.1279665540787
2021-09-01,560.5179453974558,529.3130809954292,591.4952411821254
2021-09-02,563.3064542666032,530.8512567766136,595.2897287687699
2021-09-03,564.5015248604155,535.1397591170424,596.6572247916193
2021-09-04,563.448938686206,533.156043564785,592.1311832445318
2021-09-05,562.7482987076596,532.2908192559229,592.8841262285827
2021-09-06,561.7154303243038,529.5250284003051,593.3421521624697
2021-09-07,562.9271118995555,533.1192766219299,593.4997111471728
2021-09-08,561.2408891897907,529.6885762270017,592.6794461600301
2021-09-09,564.4049391054252,534.7721649193301,594.7733835626016
2021-09-10,565.9962128646221,534.9691342768866,597.3461828629044
2021-09-11,565.3552439938609,535.5026371801271,596.6492172774906
2021-09-12,565.0753775114257,533.6518719350223,595.1155227411023
2021-09-13,564.4652797434126,533.1800010238103,596.4943314143062
2021-09-14,566.0938139488043,534.8519972673304,595.4908094639862
2021-09-15,564.8100331647686,533.4564787443807,595.5412572304801
2021-09-16,568.3532508588175,539.0283502333203,598.937406202259
2021-09-17,570.2914138339551,540.4446903735941,600.3341686476153
2021-09-18,569.9561562865782,540.0041465875348,602.8813281898528
2021-09-19,569.9322841492952,536.3751092118395,600.7810558866149
2021-09-20,569.5205412011119,540.6346823653623,599.7062963817488
2021-09-21,571.2827346321214,539.9151641068997,602.0196556488197
2021-09-22,570.0619630388037,537.9939773706437,599.1999209105045
2021-09-23,573.5928999799313,543.5969716581468,604.2894053743705
2021-09-24,575.4403503043015,546.7475071976983,605.780472843974
2021-09-25,574.9344517056555,544.2506083803585,606.1631188987848
2021-09-26,574.6602651489586,543.0535953299211,604.1699216528239
2021-09-27,573.9206013066548,545.2514897465733,605.4732017427448
2021-09-28,575.2811576454322,545.558248211586,608.2167704143937
2021-09-29,573.5907075072002,542.7644167820082,605.0245577389101
2021-09-30,576.591294168919,547.3044456968252,606.5708854146159
2021-10-01,577.8566484638288,548.0581724975265,607.5214248693078
2021-10-02,576.7272052898649,548.9361153584354,607.097336405532
2021-10-03,575.7994669558856,546.3274412364436,607.5397747138725
2021-10-04,574.3885661384985,543.386869576661,607.1932509120694
2021-10-05,575.0731099032156,543.8811477748579,604.3590510242167
2021-10-06,572.7150539368517,540.9285113994719,603.2756781607881
2021-10-07,575.0695685513257,546.5682130068982,606.6681394274617
2021-10-08,575.7231241421102,544.6546633001191,604.3106522742964
2021-10-09,574.0281807898057,544.5023934862145,604.2687667768347
2021-10-10,572.5922393016083,543.6998301023918,604.1751603474246
2021-10-11,570.7401155349419,539.0595501672784,601.6541664779633
2021-10-12,571.0585279259012,540.2851043423605,600.5819873387308
2021-10-13,568.415755064663,540.6396177652333,600.4106473877042
2021-10-14,570.5713314780133,539.6037018940435,601.1367550452347
2021-10-15,571.11401465068,540.4620093528416,600.2851323260087
2021-10-16,569.3964118812685,538.3387224537435,599.755998444542
2021-10-17,568.0240266113875,539.8478804407478,599.8736295687012
2021-10-18,566.3175867420204,536.8758104420295,597.4579432011442
2021-10-19,566.8577438770401,535.7321219409932,598.2209826073129
2021-10-20,564.5048976258325,534.1198980084832,594.2445463701494
2021-10-21,567.0091088346246,535.5555399054726,598.302814519345
2021-10-22,567.9483289675084,536.8865684386627,598.8816008374768
2021-10-23,566.6633270755957,533.3179825823263,596.5258114914865
2021-10-24,565.7470656833317,534.129278625816,596.6984263240615
2021-10-25,564.5073788781758,532.3508446263684,595.0607104402303
2021-10-26,565.5120316590962,534.8080403265209,596.6529408868032
2021-10-27,563.6089044184541,532.0619064939898,592.3133344833237
2021-10-28,566.5362560938364,536.2477671789195,596.9756340545198
2021-10-29,567.8612831030509,535.0149591037297,598.661487089695
2021-10-30,566.9153459156169,537.9933624154796,597.058157751535
2021-10-31,566.283605811025,535.9453492431531,596.6508218188725
2021-11-01,565.2679174003063,532.7535899920192,596.6441734647834
2021-11-02,566.4320495577127,535.7223858565457,598.205028960338
2021-11-03,564.6219737269779,532.810939706155,594.5234829398843
2021-11-04,567.5761698794032,536.1450840943708,599.7654616641306
2021-11-05,568.8641657357554,536.8803054339695,599.284008897277
2021-11-06,567.8216814167743,540.0530637916521,600.3696032098754
2021-11-07,567.0401241963806,536.2007768244328,597.9688944044764
2021-11-08,565.8292828460867,536.798461254509,596.0525468487292
2021-11-09,566.7622997330965,537.5654124358288,596.8887436430967
2021-11-10,564.6956667420297,535.478154846589,595.9798546237981
2021-11-11,567.3792036569977,538.5223905235645,595.6823504360419
2021-11-12,568.394244076422,539.5566851033648,602.4802995367031
2021-11-13,567.0884112892664,537.1498376108201,596.8023504803874
2021-11-14,566.0647395667992,535.6445782919578,596.4060641084327
2021-11-15,564.6440013160839,535.5998790565023,594.883163169066
2021-11-16,565.4093291567491,535.2532664042784,596.0898907714112
2021-11-17,563.2258893746788,532.8865675150153,595.1496836883135
2021-11-18,565.8505750909069,535.0112050267467,596.1094906535169
2021-11-19,566.8699528667584,536.8812577061913,595.0720352708319
2021-11-20,565.6348525393776,534.1194812955875,597.0617376506193
2021-11-21,564.7493615986281,531.5727633483204,592.8602960635476
2021-11-22,563.533088719757,533.9672541054761,593.7695461175063
2021-11-23,564.5657878624943,536.0986492426185,595.1757727242194
2021-11-24,562.7070998414964,534.2142623107483,592.4119086269611
2021-11-25,565.7063782356626,535.0013265185319,594.7730729033459
2021-11-26,567.140829996982,536.5979207052313,600.4026147966489
2021-11-27,566.3503553899905,537.7519754616482,597.0221581998867
2021-11-28,565.9268417465247,536.9924216313431,594.5299460170388
2021-11-29,565.1767673503145,536.3532829427642,596.8754570599951
2021-11-30,566.6661973206637,534.9907219815382,598.5410826251792
2021-12-01,565.2409178866841,534.4010657427411,598.0721455609801
2021-12-02,568.6366647340633,537.3830856896121,598.463393577212
2021-12-03,570.4176642461936,541.3410574729552,602.287352159968
2021-12-04,569.9118607111395,538.6493723030699,602.7079136947082
2021-12-05,569.7005727627534,538.5631974875538,599.3142911994496
2021-12-06,569.0814246051584,539.1232985261942,600.0406706979297
2021-12-07,570.6136245404371,538.5768700718952,599.4522737860142
2021-12-08,569.1383284458032,538.2616330896656,598.2605151659919
2021-12-09,572.3890370840079,543.3910674955575,602.7943847346197
2021-12-10,573.9302407671082,543.9647915891985,602.7564858477125
2021-12-11,573.0926810174393,541.0344193720935,603.3003986405687
2021-12-12,572.4629709839325,542.1707865832643,602.8857583281878
2021-12-13,571.346420838918,539.0086815053905,600.4182617514937
2021-12-14,572.3121428736032,540.1178520674943,600.7549108816809
2021-12-15,570.2131786889406,540.1440690176166,600.4505635044592
2021-12-16,572.7966034529018,542.8379959878125,605.7304319512875
2021-12-17,573.6418286527974,542.9584882048023,603.6802507810921
2021-12-18,572.0954822768512,542.4954985601368,600.7217469789721
2021-12-19,570.760618625223,539.0841679305859,603.3491551367349
2021-12-20,568.9591152749663,538.2085895797246,599.8934805025586
2021-12-21,569.2763437524615,538.7315093604342,599.9391731599213
2021-12-22,566.5808683460489,536.5259996712816,599.3992435960265
2021-12-23,568.6341399233204,538.6445622495772,600.2670892493093
2021-12-24,569.0284175939751,537.8232077877191,598.4602421415981
2021-12-25,567.1213077572904,536.5678432526252,597.1011681402165
2021-12-26,565.5246822299929,534.1118218739643,594.7122080618867
2021-12-27,563.5668410929543,532.9665119678334,593.3243707638634
2021-12-28,563.8370133114549,532.5438511314644,595.2189982891662
2021-12-29,561.2049542646284,531.4956289140184,590.9447794220258
2021-12-30,563.4306098187624,535.2792936154138,594.0832551230321
2021-12-31,564.1020805445683,535.4945282383694,594.6401728133872
2022-01-01,562.5702743452321,532.3126702379436,594.2765787828104
2022-01-02,561.4380059245638,531.449837424661,591.2471482533281
2022-01-03,560.0224035680558,530.7653681532944,589.6596251204944
2022-01-04,560.8997093771857,531.4969325021168,589.4139674309498
2022-01-05,558.9252236277047,526.5970808656824,587.6318316861948
2022-01-06,561.8433531169056,532.3901448325481,593.1617699202035
2022-01-07,563.2259863061638,533.0407113870184,596.3181673147558
2022-01-08,562.4075720186897,529.110950057103,591.2673119006466
2022-01-09,561.9746482322477,529.0085175300353,588.9552220740663
2022-01-10,561.2286695095842,530.1975618787972,592.0336954432399
2022-01-11,562.7312075766794,529.892940771406,590.8163064978935
2022-01-12,561.324264723491,532.089114035968,592.2358583831111
2022-01-13,564.7406498420909,535.3678203802679,596.1822802346807
2022-01-14,566.5426310908576,533.6503895528979,597.9209265138305
2022-01-15,566.0572346076449,534.967861356201,595.3011400471147
2022-01-16,565.865930161346,536.4050263981912,598.147562522343
2022-01-17,565.2675484759274,534.0846486138447,595.4162961669697
2022-01-18,566.8235028727026,536.7909063166895,597.0105487436597
2022-01-19,565.3780550298227,536.5359109914887,595.0770120429275
2022-01-20,568.6685767738663,537.6877023676697,599.2533857134987
2022-01-21,570.2640258971312,541.8891613102198,601.474405130012
2022-01-22,569.5000112072695,538.1570029284796,597.9861632363383
2022-01-23,568.968195082902,539.0000059436729,599.7375945762905
2022-01-24,567.9788870305491,538.7851909046501,598.5164785967264
2022-01-25,569.1059107623911,536.9501931905528,601.8422479791426
2022-01-26,567.2064952847595,533.7937938552675,597.3578048935799
2022-01-27,570.0311531019081,538.7661642808121,601.251177486028
2022-01-28,571.1617748840794,540.5345071600668,600.5068122611622
2022-01-29,569.9463269923184,539.8005560877968,600.7659136706673
2022-01-30,568.9879108193184,538.3221748147658,599.5341532912389
2022-01-31,567.6070473136188,536.806839928852,597.6891118218845
2022-02-01,568.3862779754958,537.3951544037371,597.3756985596432
2022-02-02,566.1898402255036,535.0560787199478,600.5546352125172
2022-02-03,568.7733860889076,538.4590888408636,600.4207352788414
2022-02-04,569.7219776451632,539.4453210678065,600.2301158853445
2022-02-05,568.3847478820427,536.3397008703852,596.9525456591159
2022-02-06,567.3639862495363,537.367492333096,597.8196571139533
2022-02-07,565.9775107036731,534.523501977566,596.7686004758042
2022-02-08,566.8034140954268,539.4941798457296,598.5771947662842
2022-02-09,564.6999376270674,533.3351780727339,594.262754416363
2022-02-10,567.4154335599316,536.2779625623799,596.6854331728164
2022-02-11,568.5266424935663,537.9172617662911,599.6931402130682
2022-02-12,567.3736646086088,536.0130472749673,597.6002350724143
2022-02-13,566.5493740890178,533.772833262818,596.3128460033741
2022-02-14,565.362127911538,534.9412374381927,597.2213829800928
2022-02-15,566.3808460585884,533.5552146550174,598.053954658327
2022-02-16,564.455205212368,532.3786796970879,594.2386039249697
2022-02-17,567.325897910795,537.3716117518973,595.9299478347248
2022-02-18,568.5631730562557,538.5787227419465,601.0919244153459
2022-02-19,567.5020288041005,538.7034255803684,599.2949422163539
2022-02-20,566.731800002132,536.8613476663835,596.5062983604354
2022-02-21,565.5589858624198,535.7842784710947,594.4962762488168
2022-02-22,566.5523911237301,534.9591319246119,598.2527458697663
2022-02-23,564.5633207920937,531.8830665895393,593.6312933691806
2022-02-24,567.3357803602777,535.7335659639755,595.4188712451916
2022-02-25,568.4448992141732,536.3098566789362,600.0556704216632
2022-02-26,567.2319519148316,537.7476620758545,595.7820671361324
2022-02-27,566.2937249253282,535.902785442145,596.7357817925414
2022-02-28,564.9450814372433,534.3066255078348,595.0406366595932
2022-03-01,565.7638058933222,533.5409133683639,596.832632626146
2022-03-02,563.6104777446421,533.0674262178653,595.565654884411
2022-03-03,566.2383366200875,535.1969748333021,592.701117875659
2022-03-04,567.2313674048355,538.2463788152196,599.4812731384754
2022-03-05,565.9389908869223,537.2051429374483,596.7870332505264
2022-03-06,564.9651183560251,533.7586492178165,596.2284595719559
2022-03-07,563.6304331330155,533.2064438870941,592.9935387654967
2022-03-08,564.5169901392221,533.9822350903901,597.1815176360558
2022-03-09,562.4878914452659,532.3562006105624,590.8324288927707
2022-03-10,565.2970070014628,535.7360106090032,598.092198488724
2022-03-11,566.5269744667596,537.5420342945172,595.9319466273679
2022-03-12,565.5238674317939,534.6936065624486,595.7080741770956
2022-03-13,564.886292146291,532.9439754138144,595.8861205694185
2022-03-14,563.9277754746265,534.0381658858588,595.059229707394
2022-03-15,565.2215329423603,536.4517317324929,596.4695576968853
2022-03-16,563.6203706250133,533.9414900581512,593.6148777763956
2022-03-17,566.8666840576948,538.624093346028,597.0187398682234
2022-03-18,568.5307803883687,538.0086662928913,598.5428904681769
2022-03-19,567.9459039205626,537.4975576766742,598.6201028328082
2022-03-20,567.6977148106811,535.7199468929091,599.8583917955604
2022-03-21,567.0870724024364,536.3886238142021,598.539062075376
2022-03-22,568.675200250777,537.6436391033517,599.059609941204
2022-03-23,567.3039745553269,536.4112473274279,599.6951214919225
2022-03-24,570.7062872865504,539.5424895221712,600.152362802389
2022-03-25,572.444698824731,541.8090830463144,603.4897398197388
2022-03-26,571.8467496924264,541.8850751134506,601.2632018491772
2022-03-27,571.4946717411899,542.6489223110501,603.0116458387566
2022-03-28,570.688342324144,537.8011409978437,600.8718497867077
2022-03-29,571.9905522604594,540.5461753466075,602.4660402118061
2022-03-30,570.2473249750573,537.2112999537591,599.5849860178042
2022-03-31,573.1982358189844,542.2231788751415,604.3239111474822
2022-04-01,574.4149462632344,546.0220034770479,607.177904327543
2022-04-02,573.2363245988225,542.4368413868234,606.172011424269
2022-04-03,572.2578977008872,542.2726268966276,604.9275766728795
2022-04-04,570.7944836335881,541.0386673101042,600.4322985269847
2022-04-05,571.4250840376857,539.9423204706782,602.346305896008
2022-04-06,569.0127834961351,538.9997080722704,599.1283084496919
2022-04-07,571.3146161080617,538.7779801651976,601.5871732636003
2022-04-08,571.9196262931814,541.6817366002149,600.9547931906928
2022-04-09,570.1835085516618,538.4295239831423,601.0361717016841
2022-04-10,568.717584224611,538.13576416388,600.837050037792
2022-04-11,566.8509785331867,536.0561413470364,599.9309036946994
2022-04-12,567.1750899674493,534.7766952555921,596.711747625749
2022-04-13,564.5631115997351,532.9174617891416,594.7873122956486
2022-04-14,566.7795758223469,536.7970201739168,596.8671202147573
2022-04-15,567.4181593602236,534.5975947774136,598.9957323442031
2022-04-16,565.8361413780952,535.2761766893818,596.4620548722471
2022-04-17,564.6432788421879,532.7733381449156,596.5954062679908
2022-04-18,563.1639663580298,532.3683753663856,595.3177273610389
2022-04-19,563.9817741959439,533.7378324893778,594.2706360454524
2022-04-20,561.959123349427,530.1480532954856,590.8398610623813
2022-04-21,564.8470660251722,532.4996733385512,595.3018345233163
2022-04-22,566.2234030093836,531.7080011924298,597.1868248931941
2022-04-23,565.4275231494945,537.0438026035392,599.2462545528891
2022-04-24,565.0497195509876,535.8398979109844,595.53479841929
2022-04-25,564.3938384190233,535.3851062641762,596.0803388727244
2022-04-26,566.0223415353232,537.8569542624317,598.4334817295154
2022-04-27,564.7765274052382,533.4430729757352,596.0654197463139
2022-04-28,568.3868649504485,537.1569740559936,599.8267162701544
2022-04-29,570.4116563506957,537.6319744241019,601.0733070345316
2022-04-30,570.1723995231549,537.3446800365465,598.3261540154037
2022-05-01,570.2435905851297,541.4535874112343,601.8845801115249
2022-05-02,569.9158088688026,540.5774345006854,599.5866246242725
2022-05-03,571.7411533813596,540.5849464695144,602.673664572544
2022-05-04,570.5537652520923,538.6571363593914,601.3859242690237
2022-05-05,574.0803814472424,543.1233973997524,603.898925880223
2022-05-06,575.8791299048437,544.3067620955861,609.1390543593443
2022-05-07,575.2749324561169,541.9984736267118,606.6889423904454
2022-05-08,574.8492542088466,541.797702971887,606.8422630207837
2022-05-09,573.9030427972601,543.3662748528179,604.7146144616844
2022-05-10,575.00192972056,544.4415537356033,603.0380183459073
2022-05-11,572.9964340503514,542.6999688312394,604.0504743804076
2022-05-12,575.6321217874613,546.0516835502777,604.5183198009292
2022-05-13,576.4879410697864,544.9427466386261,606.6086951984148
2022-05-14,574.911111428791,543.3283746373079,605.670370204278
2022-05-15,573.5063190654475,544.6431596132128,601.2680751535563
2022-05-16,571.598075952668,539.5719596485089,599.9807339715768
2022-05-17,571.7753301072077,541.2016513634534,603.6040293240993
2022-05-18,568.9110827432258,536.5650542249475,600.6160829691742
2022-05-19,570.7719809139417,540.8499724819001,601.5378359315243
2022-05-20,570.9561206501477,539.7721883085121,601.2996075264567
2022-05-21,568.8274526821867,538.5220608836943,601.2663246579428
2022-05-22,567.0045553136065,537.125825786661,596.9753036152622
2022-05-23,564.8226432219891,533.3995237102298,595.7759886040983
2022-05-24,564.8779085761058,533.3010337910575,594.6234978001928
2022-05-25,562.0469570664211,532.6510925497082,592.155920887924
2022-05-26,564.09631199807,533.8720065097906,592.9137908909215
2022-05-27,564.6202235402321,532.7598861756157,595.6881608300017
2022-05-28,562.9751747969452,534.0705245489884,593.8011490713499
2022-05-29,561.7688463601031,531.3407331327973,591.9000458887742
2022-05-30,560.3224028129061,531.9029515831799,591.3678978971676
2022-05-31,561.2151900203033,531.3264494687714,591.7739936621882
2022-06-01,559.3045962164929,526.6081822397512,589.9737174249476
2022-06-02,562.3360386867369,532.9540267415358,593.8610770884096
2022-06-03,563.8813003332536,532.1223437802036,596.3067294015825
2022-06-04,563.2735938869746,531.6018411626821,593.4123542137391
2022-06-05,563.09710080275,531.104802993226,592.490255443011
2022-06-06,562.649833361373,530.220634036493,591.8618191745715
2022-06-07,564.4888939507887,533.2574008336624,595.5145693776315
2022-06-08,563.4508701526531,533.4145120355332,593.2544326452847
2022-06-09,567.2623139098052,535.0825851695656,598.2483011473366
2022-06-10,569.4785167615146,537.8624036782726,600.262506576085
2022-06-11,569.418948143734,540.5179003527173,600.5005367799301
2022-06-12,569.6570948420202,540.9194380814979,599.8366971957093
2022-06-13,569.4835432075408,539.1401549688835,599.4790337631335
2022-06-14,571.4513733991859,540.5791125166476,603.2075737289225
2022-06-15,570.3966018756187,538.9920722806846,601.2598930076139
2022-06-16,574.048620357088,542.0421030456754,604.603989045412
2022-06-17,575.9688455096993,544.0218477890793,604.4525630902666
2022-06-18,575.4859508485024,543.7163988184396,607.9824705431736
2022-06-19,575.1854255298156,546.0570997245023,605.5885869137256
2022-06-20,574.3723101058747,542.2171109168403,605.5176462239093
2022-06-21,575.6161885927838,544.766616583414,607.4779665669222
2022-06-22,573.7711844932638,544.0793314220928,603.169680912869
2022-06-23,576.5859214128056,548.0089051167166,606.8142223539782
2022-06-24,577.6416755891098,546.7680846761313,609.0847527692259
2022-06-25,576.287105181371,546.3530370707143,608.1426999478396
2022-06-26,575.1273142539072,543.6847486807757,605.8847655993349
2022-06-27,573.4861143447163,542.6207609432769,606.8606630563575
2022-06-28,573.9505749957358,539.2364746700677,604.0033821236142
2022-06-29,571.3906218052566,540.1364154191692,601.7327756166884
2022-06-30,573.5686521702987,544.5473999966,604.18329752559
2022-07-01,574.0774039412662,542.8297916855413,603.4763474950608
2022-07-02,572.274467921174,543.0661339475189,601.327440619104
2022-07-03,570.7712062789834,540.4616522149056,598.6427074281754
2022-07-04,568.894941872196,538.5688522861993,600.9541157974799
2022-07-05,569.2335099122018,536.8414579803097,598.9989071010438
2022-07-06,566.6549285778409,536.6712646489566,596.0148515135953
2022-07-07,568.9171548751071,539.066483814131,600.5807659481155
2022-07-08,569.6061553266951,539.8549191910471,600.685283249428
2022-07-09,568.0706752123069,535.9023049916834,598.501875010065
2022-07-10,566.9114598810559,538.5536874242587,597.4366360969112
2022-07-11,565.4437835171699,534.4006502922248,595.0428345014393
2022-07-12,566.2423664083383,536.1983500708546,599.2841914525667
2022-07-13,564.1614264807829,531.850575037686,594.0955404929023
2022-07-14,566.9448204199601,535.4267985959629,595.2958811786738
2022-07-15,568.164493162162,537.3298509356407,598.3313679503301
2022-07-16,567.1556091657487,536.0012074211503,598.2408039169471
2022-07-17,566.5061094443209,537.1037460204583,597.9781215698974
2022-07-18,565.51954123462,534.9565301803481,595.6477237810392
2022-07-19,566.7602340930397,537.505308397315,598.9945107099851
2022-07-20,565.073562364375,534.9422068062067,593.7839578349366
2022-07-21,568.196245090395,537.3094201414019,598.7219619534422
2022-07-22,569.6948995477633,538.9675290116318,601.8300152950401
2022-07-23,568.9012209190413,538.3063508296791,599.4963154731765
2022-07-24,568.4015328474696,536.3649097441513,602.6942384518144
2022-07-25,567.4995581253263,538.6383914272335,598.1269797834333
2022-07-26,568.7614871809493,534.9393288593865,597.152535645356
2022-07-27,567.0360895182006,536.5375710395557,597.9442784018419
2022-07-28,570.0648255314779,541.1589054716176,602.1760092501851
2022-07-29,571.4201821621531,542.1097954992462,601.8310951031694
2022-07-30,570.4406128499667,540.9240447020092,598.2138634959459
2022-07-31,569.719834889163,536.7088235887582,599.4783987293047
2022-08-01,568.5693419377277,535.8087987075697,598.1209378122966
2022-08-02,569.56321771222,539.3074521649147,601.4319423749628
2022-08-03,567.5580039990618,535.7664429282721,600.2022783320003
2022-08-04,570.3025877486191,540.101293081712,600.3378837689355
2022-08-05,571.3763372098806,540.5131374401702,601.7526569073265
2022-08-06,570.1238730121729,538.2579279897352,602.4576684963884
2022-08-07,569.1442315679317,539.2413853269599,599.607633433447
2022-08-08,567.753281508945,539.0223537285542,599.4364633001658
2022-08-09,568.5284807882057,539.8484798818066,598.591364813342
2022-08-10,566.3287277898013,536.987969412386,595.5891039792654
2022-08-11,568.9042700621196,539.2999712112369,599.1391251312918
2022-08-12,569.8348981850374,536.4857108043702,599.7067586860974
2022-08-13,568.4648070434341,537.114694429663,600.1250034197298
2022-08-14,567.391877205059,537.4735217274797,597.4289898563322
2022-08-15,565.9302315760959,533.385385310574,596.3929798590738
2022-08-16,566.655148766906,535.3342742948606,599.4356599096071
2022-08-17,564.423079874118,532.4565515911038,594.6481029535287
2022-08-18,566.9817254555651,537.6511225717653,596.5887546073202
2022-08-19,567.9083934066012,535.1415757054754,600.3098442139366
2022-08-20,566.5450134794849,535.3247291993533,597.4011158543149
2022-08-21,565.4875551093003,535.2071718417315,598.1676344352887
2022-08-22,564.0486983857124,529.6239201387422,593.8329307294858
2022-08-23,564.8028351509795,534.4920567425858,595.5234202686144
2022-08-24,562.6061435095189,530.4938502708171,592.2128724290352
2022-08-25,565.2066902501443,536.1030242163137,594.4404589580965
2022-08-26,566.1827808349044,534.7481465216895,597.4744404683172
2022-08-27,564.8779328963583,536.1040046909377,597.0224808401886
2022-08-28,563.8902213528036,534.35669531269,595.2073279156516
2022-08-29,562.5348476227726,533.5577187255923,594.9073683438306
2022-08-30,563.389013666301,532.5239088717057,593.7219619152139
2022-08-31,561.311848862157,530.4086047976427,592.6205365370356
2022-09-01,564.0543497626968,534.4834271286444,595.2763851253745
2022-09-02,565.1975585479057,533.5709323581158,593.1349539070167
2022-09-03,564.0873627052318,532.7544877717957,593.646623965889
2022-09-04,563.3236708210976,533.1062428776746,592.4039956173262
2022-09-05,562.2228237009671,531.2495307566674,591.8352966478952
2022-09-06,563.36232800651,531.9986506803384,591.2502273475186
2022-09-07,561.6006663817611,530.7427015360473,592.3216265762767
2022-09-08,564.6871493626513,533.2570925663215,593.442223129241
2022-09-09,566.2000392468098,536.8474098789933,597.1431647555229
2022-09-10,565.4813317468186,533.3463194082537,595.8691608433847
2022-09-11,565.1259524250517,535.8477252565958,594.5226002281784
2022-09-12,564.4442279633674,533.5151599735293,594.8423892155196
2022-09-13,566.0067189705711,536.158802372958,597.3500888298955
2022-09-14,564.6641664841233,533.8048571353903,595.0565804125534
2022-09-15,568.157514353404,538.2745907455909,599.8392158704904
2022-09-16,570.0562333620361,540.598036724676,601.3062162178322
2022-09-17,569.6933275003023,539.2603300042272,598.9719281697844
2022-09-18,569.6547730369515,538.0065615911099,600.5476778033379
2022-09-19,569.2422433468113,537.923802266262,600.0305326560164
2022-09-20,571.018198566079,542.0174719289618,604.6216790418742
2022-09-21,569.8260843012613,539.9226559438815,598.7669339037467
2022-09-22,573.400593595826,545.5851360378157,604.4046703820944
2022-09-23,575.3062102275442,542.490962257061,606.141726674083
2022-09-24,574.8724064108378,546.3996390913719,601.7325197604484
2022-09-25,574.6832389022089,543.5287987889269,609.1544706101512
2022-09-26,574.0401907196328,543.0246618348363,604.3910265824841
2022-09-27,575.5073329017525,546.1863173726898,605.0153022554179
2022-09-28,573.9315471498317,541.6917921426129,607.2035360109078
2022-09-29,577.0527615617304,545.7008983218897,609.0353397195905
2022-09-30,578.4424170093293,546.4643553991148,610.0806284581165
2022-10-01,577.4385382257507,545.897303398854,607.5570320335806
2022-10-02,576.6351561001496,544.9593589503525,606.6615783888734
2022-10-03,575.3449323467172,545.6867292592742,605.7642570399806
2022-10-04,576.1440662888904,545.9525467858612,609.2921845681802
2022-10-05,573.8922311356955,543.8451574035047,605.1471617730354
2022-10-06,576.3424995351061,546.1703186793168,608.5921000913687
2022-10-07,577.0794843602233,545.9672373806831,606.4895982193283
2022-10-08,575.454077788288,543.9595425545568,604.0563083944461
2022-10-09,574.0725444928303,544.3358542202427,604.6115125071711
2022-10-10,572.2588294940449,541.360976234608,603.9221638162653
2022-10-11,572.599169564217,543.3604813561791,604.2015196615029
2022-10-12,569.9617642243534,539.4387150721595,600.5514968851829
2022-10-13,572.1064740165965,542.9229447138276,602.45978792479
2022-10-14,572.6227789057351,542.4971942432999,602.4867594171902
2022-10-15,570.8643855499035,541.511908284158,602.4779048672435
2022-10-16,569.4382435419323,539.4464086383169,600.6961581235233
2022-10-17,567.666833907411,537.3125509273989,597.9925873668924
2022-10-18,568.1328198595565,538.1111542917835,597.2396291883534
2022-10-19,565.698815263682,535.4726241670595,594.412011771851
2022-10-20,568.1172362255218,538.4014439181103,596.8019679535936
2022-10-21,568.9684647497643,537.8660989036653,601.6033844707425
2022-10-22,567.595707764159,536.3924295339577,598.1895799186609
2022-10-23,566.594304773394,538.1481204502547,598.7750920471547
2022-10-24,565.274339386906,535.8240294614149,594.637025552677
2022-10-25,566.2056356987782,535.3835805474308,597.2454686564539
2022-10-26,564.2378852262785,533.3487273630511,596.1083790323848
2022-10-27,567.1108596298226,535.5691918262492,596.7633104271428
2022-10-28,568.3929278182729,537.3702822045905,599.9832513484857
2022-10-29,567.4162505425927,537.0618919791616,597.6075566847958
2022-10-30,566.7663959992035,535.5025426490431,598.1591923038253
2022-10-31,565.7452226811025,533.8141019132071,595.4269560051413
2022-11-01,566.9161024549137,538.0514809625176,596.8357143120782
2022-11-02,565.1242228166668,536.7719788817517,595.633708260527
2022-11-03,568.1069182480851,536.8860971865519,596.946639470694
2022-11-04,569.4322455933927,537.0074443771397,600.5274840997154
2022-11-05,568.4341746117378,539.9086903339405,600.9417784521687
2022-11-06,567.7021370826891,536.7706447206344,597.6867824071314
2022-11-07,566.5437823788363,535.4299414533338,598.2927742493199
2022-11-08,567.5300159427287,537.2923003737687,599.5894607103871
2022-11-09,565.5150647727145,533.8531265346252,595.318223716622
2022-11-10,568.2465265443814,538.1488511561366,600.1006230025757
2022-11-11,569.303625359385,539.1161933594339,600.2779537261101
2022-11-12,568.0320544880572,538.3017116141378,600.8918499988821
2022-11-13,567.0331595718175,535.8648448037087,597.718149552116
2022-11-14,565.6263208765773,535.943649120371,596.9962702344299
2022-11-15,566.3936219908446,534.8427947609428,597.8433951713149
2022-11-16,564.1995599923024,532.5184008088875,595.5597559379923
2022-11-17,566.8007642711807,535.9598601381804,598.4510758977046
2022-11-18,567.7839568971679,537.9127344825071,598.0647067028367
2022-11-19,566.5005438315249,535.357109305234,596.1142350082636
2022-11-20,565.5555981601752,533.8491165977467,595.5038646242534
2022-11-21,564.2701001914016,533.515245444051,595.8297269772787
2022-11-22,565.2255264165659,534.6664503897912,597.5815472002174
2022-11-23,563.2835451709757,530.8363145303871,594.9124874431272
2022-11-24,566.1957871133067,534.358872286921,594.0836223252556
2022-11-25,567.5419224192689,537.6212085338351,598.0074626842767
2022-11-26,566.6644310973422,537.2141568524636,598.0547645854799
2022-11-27,566.157822878483,537.98834486194,598.1219448414014
2022-11-28,565.3311650974176,534.6077447183523,596.0900356535079
2022-11-29,566.7530026122197,536.5339759222434,598.2713817760283
2022-11-30,565.2714183440634,535.6247200152909,596.4270456522934
2022-12-01,568.6241922584364,538.291825028576,598.4553533107447
2022-12-02,570.3772796363877,538.0416533370358,600.3768168621842
2022-12-03,569.8599835624883,539.2551612916562,600.2505480237248
2022-12-04,569.6545664954934,538.3164994669229,597.9087631749562
2022-12-05,569.0591479828554,538.847271506325,599.0861713336722
2022-12-06,570.6329617672523,537.5382095971155,601.2977587682204
2022-12-07,569.2167109404875,538.6003151429602,595.4540928238071
2022-12-08,572.5429702014934,542.9734271374837,602.5154612509544
2022-12-09,574.1748487218623,541.0537668918223,604.2602151876329
2022-12-10,573.4412828372325,540.9866544531964,605.0432592979794
2022-12-11,572.9266995302291,542.1783096015495,603.2080402879905
2022-12-12,571.9338957929658,542.3710194010723,600.5192600931955
2022-12-13,573.0292071357385,542.6002710849754,605.1503445226222
2022-12-14,571.0627059144289,539.2401299117912,602.2083345032411
2022-12-15,573.778382498291,540.4546544954695,602.2367221114318
2022-12-16,574.7525285882391,543.2096128845726,607.2429115503104
2022-12-17,573.328699391289,543.0495037172986,604.6950184434846
2022-12-18,572.1070045774144,543.3404921013101,602.5191229753565
2022-12-19,570.4065832870639,538.9089854229439,599.6486098846273
2022-12-20,570.8103475703881,541.3371055991649,600.5096760940776
2022-12-21,568.1847466629508,536.1425558305577,597.6147368935931
2022-12-22,570.2895171377337,539.7660500123351,602.5774685777366
2022-12-23,570.7156502044032,540.9855223648943,599.6988009367257
2022-12-24,568.819964425575,539.2181378891734,598.9690064639676
2022-12-25,567.2140446122474,538.0179458372393,597.7437629940008
2022-12-26,565.2264119665458,532.147344348005,596.1060800762241
2022-12-27,565.4470183353344,535.5533549441883,594.2659076332053
2022-12-28,562.7468239034766,530.2939121204572,595.2768578983572
2022-12-29,564.8874285333904,535.7232981130039,597.1859912659536
2022-12-30,565.4589912849765,531.7585227449581,595.7446937769703
2022-12-31,563.8148276518253,533.1255551672127,592.8383750496843
2023-01-01,562.5604445102514,531.2808317570309,593.0248648653555
2023-01-02,561.0158750745106,530.6265582094319,589.1632374187549
2023-01-03,561.7604020193711,531.161713120608,594.2324369965838
2023-01-04,559.6524216042699,530.9353958594718,589.6751338333727
2023-01-05,562.4394109074846,533.265475875968,591.4020667084969
2023-01-06,563.6962232358562,534.6122892074072,595.7871465183193
2023-01-07,562.7600906798292,533.3488850244855,593.0832162525388
2023-01-08,562.2200824515629,530.7937708364927,594.235746092332
2023-01-09,561.3798694738075,531.1754255006309,593.1565747567441
2023-01-10,562.8028714283702,531.8881231502535,593.8603394361852
2023-01-11,561.3325273618461,532.4681056771337,591.6882232606514
2023-01-12,564.7026407718585,531.5649734570403,595.313428420335
2023-01-13,566.4760139249387,536.7187252629701,596.8768767170749
2023-01-14,565.9797412250222,534.1460109361201,596.3236419870615
2023-01-15,565.794902542216,534.1222727347163,595.2414215368382
2023-01-16,565.2195008808677,533.9106089544822,597.6671366214825
2023-01-17,566.81371631484,536.3548903611993,597.7538743435939
2023-01-18,565.4202149309696,536.7481710937172,598.1306228715451
2023-01-19,568.774463329854,538.2722023053115,600.2720514838038
2023-01-20,570.4432650457097,541.6431203726145,602.4481260777334
2023-01-21,569.7598922427119,540.658484874125,602.3920772843536
2023-01-22,569.3135589511177,536.4021899804493,599.9187614110019
2023-01-23,568.4120872256195,538.4545718849932,598.7571155618106
2023-01-24,569.6268465943717,538.6258552433276,600.2721753132507
2023-01-25,567.8127151615193,537.8567907621432,598.6107340638536
2023-01-26,570.7180234285428,539.2865794716874,601.549120176553
2023-01-27,571.9227082915933,542.3532112822045,603.6104586506939
2023-01-28,570.773061918022,541.1119260710302,602.6672767964944
2023-01-29,569.8708330245905,540.4187186656638,599.1257184305189
2023-01-30,568.5355427812913,537.6213450080268,597.9554527568347
2023-01-31,569.3491058121584,536.1426652731606,599.8025962651213
2023-02-01,567.1755137264736,536.7784730290628,598.1220157464893
2023-02-02,569.7705500176132,540.6503653220376,599.8776410551865
2023-02-03,570.7197700362433,542.7696805473498,601.7288915719432
2023-02-04,569.3731352885343,538.1908289892862,601.7606731259337
2023-02-05,568.3340623002268,537.9052524427105,600.349545953579
2023-02-06,566.9217490860502,537.2067927007187,598.8606955179195
2023-02-07,567.7158685944975,534.2983652044758,598.6828701267532
2023-02-08,565.5763835833748,535.1434201601003,596.9388187807151
2023-02-09,568.2534470079814,536.4322198900641,598.4991775264657
2023-02-10,569.3256152463338,537.1823581092038,599.5266178275677
2023-02-11,568.1347556034285,537.0324105388444,599.2024604046857
2023-02-12,567.2753993418236,536.1774887281363,598.80952990679
2023-02-13,566.0573933785428,536.1616348716866,597.3834607255147
2023-02-14,567.0509295165199,534.6961930216573,597.2334393075463
2023-02-15,565.1066948852745,533.3580069317429,597.5821725113692
2023-02-16,567.9660969434535,540.5979828507029,599.3643952070059
2023-02-17,569.1997800190135,539.0563666656361,602.7335342809528
2023-02-18,568.1428051781854,536.8680591134319,600.3763266220353
2023-02-19,567.3842360137321,537.4806570802142,598.490239873434
2023-02-20,566.2299760958505,536.7919436722124,595.6223667768362
2023-02-21,567.2479310448407,537.1745962073098,599.8648407231555
2023-02-22,565.2882346622371,535.31358810153,596.1677879488899
2023-02-23,568.0934900374034,535.9906639500854,597.9939628228725
2023-02-24,569.2372420503297,537.4723803639341,597.0197259957708
2023-02-25,568.0590544069954,536.9659657200589,598.5876536588615
2023-02-26,567.153937006663,534.8324520627475,593.9891281565816
2023-02-27,565.8349743611341,536.1541361784712,596.3266846001521
2023-02-28,566.6782346230142,535.4512127451446,596.772974648815
2023-03-01,564.5427066782794,532.883538960818,596.0771519265403
2023-03-02,567.1802254191416,535.1544251947297,598.9934029982692
2023-03-03,568.1736117163983,539.211697700655,597.7800609475446
2023-03-04,566.8714109192908,537.4901851355341,600.0634524149546
2023-03-05,565.8769866384672,533.4832833230752,595.4105069526341
2023-03-06,564.5108314176492,532.4850580477547,595.9834627848377
2023-03-07,565.3551843283444,533.7100268438597,596.2273201892492
2023-03-08,563.2737126873186,531.4594660375849,594.4262355331908
2023-03-09,566.0212267182703,535.9226537808058,596.6894095686641
2023-03-10,567.1816610686218,537.389496544784,597.1659068914608
2023-03-11,566.1027128491579,536.1180135138004,597.0379278173668
2023-03-12,565.3848970489456,535.1570835050014,596.3992926629804
2023-03-13,564.3438831434574,533.6067025124112,595.9513393968315
2023-03-14,565.5552031740098,537.4936214533859,594.3828103843579
2023-03-15,563.8740867479977,531.4521038903225,593.2325483666109
2023-03-16,567.0453880702154,538.247052139361,596.7852523243151
2023-03-17,568.6418333383704,538.436399674943,599.3413349838618
2023-03-18,567.9989708759257,537.9670045372201,598.4565745059558
2023-03-19,567.7045760457394,536.5074685383852,596.6554971014107
2023-03-20,567.0613646898621,537.2543734018765,596.6015563966348
2023-03-21,568.6320943264489,538.8035161180812,600.8914311578294
2023-03-22,567.2597968530722,536.156560878714,597.775414603178
2023-03-23,570.6780958575623,540.6934446645123,601.1063716940635
2023-03-24,572.449824906314,540.8647621080714,603.9497779992003
2023-03-25,571.902317624572,541.9379413138885,602.8801540457906
2023-03-26,571.6171108059541,538.6494163670495,602.728671440332
2023-03-27,570.892904573658,539.9984158632748,600.0553959318542
2023-03-28,572.2908504843163,542.4463122296829,602.0680403896265
2023-03-29,570.654904630488,539.7018570186758,599.8699847205437
2023-03-30,573.7221940122615,543.5176093020298,604.1596827010393
2023-03-31,575.0616097447938,543.2580503504726,601.7353400221573
2023-04-01,574.0089972457771,543.8648212249664,605.1273031148803
2023-04-02,573.1566861487079,545.0846509902018,602.8615642553011
2023-04-03,571.8162076311327,542.6102395048832,602.8088816230204
2023-04-04,572.5632757951412,541.40540824789,603.295812419993
2023-04-05,570.2577778365893,542.3727732754908,600.9391008933211
2023-04-06,572.6537306898639,541.7800090375998,602.2779652595474
2023-04-07,573.3374286136864,543.7426613000132,604.3776961347392
2023-04-08,571.6621639463208,538.3536103025812,599.7609784120507
2023-04-09,570.2372767107713,541.514208704197,601.3256162917593
2023-04-10,568.3903941835264,538.1786048692537,600.6322023583434
2023-04-11,568.7119505978258,538.4488061323227,599.6420349542205
2023-04-12,566.0747449762349,535.6340265394458,595.4015555617862
2023-04-13,568.2435073807179,538.6231827346026,600.6669506036183
2023-04-14,568.8127096252108,537.0800314798593,600.9277014448808
2023-04-15,567.1410128966703,538.5777254777088,599.6885523080815
2023-04-16,565.8401165185347,533.7885536336804,595.5415210183673
2023-04-17,564.2368755999607,530.0771930841894,595.154326896261
2023-04-18,564.9177822429691,533.5203655784171,595.6287266401922
2023-04-19,562.7485705274853,531.4901961466256,590.7243555870319
2023-04-20,565.4839154280263,534.0081718933538,598.1383647769047
2023-04-21,566.7054591952788,535.7741729912834,598.3345608841867
2023-04-22,565.756552809052,534.366291900131,596.5379845345225
2023-04-23,565.2314696839024,535.1379067740603,597.2163169601108
2023-04-24,564.4379502839939,534.386964485317,595.1505520789523
2023-04-25,565.9421614343572,535.0382453481168,598.0122262626363
2023-04-26,564.5888181536551,534.3197238185894,597.1435040174088
2023-04-27,568.1114245906838,538.5482149631694,597.5347369849411
2023-04-28,570.0708532159208,540.4768445955989,602.0098307722055
2023-04-29,569.7906350752165,538.7519454986813,602.263446948049
2023-04-30,569.846703474928,537.889239485461,601.6161550059761
2023-05-01,569.5304353398741,538.7460817344569,598.7807188575085
2023-05-02,571.3940604102826,541.6616387983532,601.3310179133119
2023-05-03,570.2711736571827,539.4071584340046,600.9175302682036
2023-05-04,573.8872965741981,542.0497983426893,601.2194449726715
2023-05-05,575.7986974029576,544.9647700162586,607.2357275999268
2023-05-06,575.3278360920217,546.9979057060123,605.0559152452475
2023-05-07,575.0531716408715,543.925373289384,603.9396196547036
2023-05-08,574.272173778513,543.4550478164695,605.9223725261661
2023-05-09,575.5466093514225,544.1002047507739,605.0017064600348
2023-05-10,573.722841510643,545.1204196342877,603.8302619428266
2023-05-11,576.5420925035968,547.3163367103834,607.4416674005495
2023-05-12,577.5788875798245,547.5605369428224,608.0478085453103
2023-05-13,576.1760553705573,545.7829385152304,605.9604702716292
2023-05-14,574.9340338071416,545.0036222434707,603.6830292591321
2023-05-15,573.1733364894679,542.6371634808705,602.3623651373125
2023-05-16,573.4792640400959,544.3451772383469,603.7325345973338
2023-05-17,570.7216135128215,539.0027749757227,602.899674396301
2023-05-18,572.6643520543314,543.1496550188658,603.5113759248305
2023-05-19,572.9034877197378,541.96984762096,602.1255606472514
2023-05-20,570.8015277767928,540.1850397488106,600.4959437772501
2023-05-21,568.9762877184759,540.216951837771,600.7615064489663
2023-05-22,566.7629188488846,537.0983586138948,596.4489727362851
2023-05-23,566.7582503827846,537.8179254141525,600.1721269564781
2023-05-24,563.8402086793437,531.9649954160637,594.1087463850114
2023-05-25,565.777287252928,533.8369625194404,597.7909837175179
2023-05-26,566.1663056035196,534.4080925318025,600.1118412301213
2023-05-27,564.3668499083228,531.717360980643,594.126223859451
2023-05-28,562.9901590001981,532.2456488028137,594.9488334283386
2023-05-29,561.361321206091,532.7584999046028,593.6402416676067
